{
  "level": 1,
  "generationsCount": 1,
  "learningSpeed": 1,
  "qualityScore": 85,
  "userPreferences": {},
  "improvementHistory": [
    {
      "timestamp": "2025-06-11T09:41:15.916Z",
      "mode": "style-adaptation",
      "input": "Electric Nights\nVerse 1\nWalking through the city lights tonight\nEverything feels different, but it's",
      "improvement": {
        "preferences": {}
      }
    },
    {
      "timestamp": "2025-06-11T09:41:18.197Z",
      "mode": "style-adaptation",
      "input": "Electric Nights\nVerse 1\nWalking through the city lights tonight\nEverything feels different, but it's",
      "improvement": {
        "preferences": {}
      }
    },
    {
      "timestamp": "2025-06-11T09:41:19.172Z",
      "mode": "style-adaptation",
      "input": "Electric Nights\nVerse 1\nWalking through the city lights tonight\nEverything feels different, but it's",
      "improvement": {
        "preferences": {}
      }
    }
  ],
  "exportDate": "2025-06-11T09:41:24.707Z",
  "version": "1.0",
  "compatibility": "Universal AI Model"
}